event_second,pair_1,bid_1,pair_2,bid_2,pair_3,bid_3,ratio
2024-02-17 16:20:53,SOLETH,0.03911,ETHUSDT,2766.5,SOLUSDT,107.43,1.0071471190542678
2024-02-17 16:21:01,SOLETH,0.03905,ETHUSDC,2765.65,SOLUSDC,107.24,1.0070741560984708
2024-02-17 16:21:01,SOLETH,0.03905,ETHUSDT,2766.5,SOLUSDT,107.31,1.0067265399310408
2024-02-17 16:20:53,SOLETH,0.03911,ETHBTC,0.05353,SOLBTC,0.0020803,1.0063732634716145
2024-02-17 14:36:33,ETHBTC,0.05373,BTCUSDC,51770.14,ETHUSDC,2765.91,1.0056761146241202
2024-02-17 16:20:32,SOLETH,0.03911,ETHUSDT,2766.76,SOLUSDT,107.6,1.005650405204461
2024-02-17 16:20:57,SOLETH,0.03905,ETHUSDT,2766.5,SOLUSDT,107.43,1.0056020199199478
2024-02-17 16:21:01,SOLETH,0.03905,ETHBTC,0.05353,SOLBTC,0.0020791,1.005409311721418
2024-02-17 14:36:53,ETHBTC,0.05368,BTCUSDC,51800.0,ETHUSDC,2765.91,1.0053197681775619
2024-02-17 14:36:57,ETHBTC,0.05368,BTCUSDC,51800.0,ETHUSDC,2765.94,1.005308864255913
2024-02-17 16:20:57,SOLETH,0.03905,ETHBTC,0.05355,SOLBTC,0.0020803,1.0052047781569966
2024-02-17 16:21:04,SOLETH,0.03896,ETHUSDT,2766.49,SOLUSDT,107.23,1.0051520134290777
2024-02-17 16:20:08,SOLETH,0.03918,ETHUSDT,2769.78,SOLUSDT,107.97,1.0050938260627953
2024-02-17 16:08:22,SOLETH,0.03921,ETHUSDT,2775.97,SOLUSDT,108.3,1.0050395540166206
2024-02-17 16:18:07,SOLETH,0.03921,ETHUSDT,2768.66,SOLUSDT,108.02,1.004991284947232
2024-02-17 14:36:52,ETHBTC,0.05366,BTCUSDC,51800.0,ETHUSDC,2765.91,1.0049452079062589
2024-02-17 16:21:06,SOLETH,0.03896,ETHUSDT,2765.61,SOLUSDT,107.22,1.004925998880806
2024-02-17 16:21:06,SOLETH,0.03896,ETHUSDC,2765.64,SOLUSDC,107.23,1.004843181945351
2024-02-17 16:17:44,SOLETH,0.03921,ETHUSDT,2767.7,SOLUSDT,108.0,1.0048288611111111
2024-02-17 16:17:18,SOLETH,0.03921,ETHUSDT,2767.17,SOLUSDT,107.98,1.0048225199110947
2024-02-17 15:54:28,ETHBTC,0.05374,BTCUSDC,51711.23,ETHUSDC,2765.65,1.00481315430369
2024-02-17 15:54:38,ETHBTC,0.05374,BTCUSDC,51711.21,ETHUSDC,2765.67,1.0048054993545867
2024-02-17 15:54:29,ETHBTC,0.05374,BTCUSDC,51711.19,ETHUSDC,2765.67,1.0048051107326614
2024-02-17 16:17:04,SOLETH,0.03921,ETHUSDT,2766.82,SOLUSDT,107.97,1.0047884801333704
2024-02-17 16:08:29,SOLETH,0.03921,ETHUSDT,2775.97,SOLUSDT,108.33,1.0047612268069788
2024-02-17 15:59:28,ETHBTC,0.05374,BTCUSDC,51711.42,ETHUSDC,2765.84,1.0047478201197466
2024-02-17 15:58:15,ETHBTC,0.05374,BTCUSDC,51711.18,ETHUSDC,2765.84,1.0047431569432794
2024-02-17 16:17:02,SOLETH,0.03921,ETHUSDT,2766.67,SOLUSDT,107.97,1.004734006668519
2024-02-17 16:16:58,SOLETH,0.03921,ETHUSDT,2766.66,SOLUSDT,107.97,1.0047303751041956
2024-02-17 16:16:57,SOLETH,0.03921,ETHUSDT,2766.65,SOLUSDT,107.97,1.0047267435398723
2024-02-17 16:00:50,ETHBTC,0.05374,BTCUSDC,51711.21,ETHUSDC,2765.89,1.0047255767221401
2024-02-17 16:16:53,SOLETH,0.03921,ETHUSDT,2766.61,SOLUSDT,107.97,1.0047122172825786
2024-02-17 16:08:20,SOLETH,0.03921,ETHUSDT,2775.97,SOLUSDT,108.34,1.00466848532398
2024-02-17 16:08:38,SOLETH,0.03921,ETHUSDT,2775.99,SOLUSDT,108.35,1.0045829986155976
2024-02-17 16:20:59,SOLETH,0.03905,ETHBTC,0.0535,SOLBTC,0.0020801,1.004362771020624
2024-02-17 16:10:43,SOLETH,0.03921,ETHUSDT,2774.08,SOLUSDT,108.3,1.0043552797783935
2024-02-17 16:17:07,SOLETH,0.03921,ETHUSDT,2766.88,SOLUSDT,108.02,1.0043451657100537
2024-02-17 16:16:56,SOLETH,0.03921,ETHUSDT,2766.62,SOLUSDT,108.01,1.0043437663179335
2024-02-17 16:10:58,SOLETH,0.03921,ETHUSDT,2773.51,SOLUSDT,108.28,1.0043343840044332
2024-02-17 16:10:44,SOLETH,0.03921,ETHUSDT,2773.75,SOLUSDT,108.3,1.0042358033241
2024-02-17 16:18:10,SOLETH,0.03921,ETHUSDT,2768.97,SOLUSDT,108.12,1.004174192563818
2024-02-17 16:10:42,SOLETH,0.03921,ETHUSDT,2774.09,SOLUSDT,108.32,1.004173457348597
2024-02-17 16:12:21,SOLETH,0.03921,ETHUSDT,2772.0,SOLUSDT,108.24,1.004158536585366
2024-02-17 16:13:47,SOLETH,0.03921,ETHUSDT,2771.99,SOLUSDT,108.24,1.0041549140798227
2024-02-17 16:18:03,SOLETH,0.03921,ETHUSDT,2768.65,SOLUSDT,108.11,1.0041510174821942
2024-02-17 16:18:17,SOLETH,0.03921,ETHUSDT,2769.01,SOLUSDT,108.13,1.0040958300194212
2024-02-17 16:10:41,SOLETH,0.03921,ETHUSDT,2774.09,SOLUSDT,108.33,1.0040807615618943
2024-02-17 16:06:33,SOLETH,0.03921,ETHUSDT,2776.87,SOLUSDT,108.45,1.0039748520055325
2024-02-17 16:07:29,SOLETH,0.03921,ETHUSDT,2775.97,SOLUSDT,108.42,1.00392716934145
2024-02-17 16:17:08,SOLETH,0.03921,ETHUSDT,2766.89,SOLUSDT,108.07,1.0038841204774684
2024-02-17 16:07:06,SOLETH,0.03921,ETHUSDT,2775.97,SOLUSDT,108.43,1.003834581757816
2024-02-17 14:40:39,ETHBTC,0.05371,BTCUSDC,51770.0,ETHUSDC,2769.97,1.0038255648978147
2024-02-17 14:36:51,ETHBTC,0.0536,BTCUSDC,51800.0,ETHUSDC,2765.91,1.0038215270923494
2024-02-17 16:06:32,SOLETH,0.03921,ETHUSDT,2776.14,SOLUSDT,108.44,1.0038034802655846
2024-02-17 16:10:40,SOLETH,0.03921,ETHUSDT,2774.09,SOLUSDT,108.36,1.003802776854928
2024-02-17 14:24:33,ADABTC,1.131e-05,BTCUSDC,51750.04,ADAUSDC,0.5831,1.0037608513119534
2024-02-17 16:03:07,SOLETH,0.03921,ETHUSDT,2780.08,SOLUSDT,108.6,1.0037471160220997
2024-02-17 16:20:32,SOLETH,0.03911,ETHUSDC,2765.82,SOLUSDC,107.77,1.003722930314559
2024-02-17 15:48:34,ETHBTC,0.05382,BTCUSDC,51711.29,ETHUSDC,2772.78,1.0037224835003138
2024-02-17 16:26:33,AVAXBTC,0.0007633,BTCUSDT,51520.05,AVAXUSDT,39.18,1.0037073549004594
2024-02-17 16:21:04,SOLETH,0.03896,ETHBTC,0.05356,SOLBTC,0.002079,1.0037025493025495
2024-02-17 14:33:33,ETHBTC,0.05366,BTCUSDC,51730.22,ETHUSDC,2765.81,1.0036277275734777
2024-02-17 16:05:17,SOLETH,0.03921,ETHUSDT,2779.44,SOLUSDT,108.59,1.0036084575006907
2024-02-17 16:08:23,SOLBTC,0.0021016,BTCUSDC,51617.27,SOLUSDC,108.09,1.003597507928578
2024-02-17 16:11:58,SOLETH,0.03921,ETHUSDT,2772.59,SOLUSDT,108.33,1.0035378371642205
2024-02-17 16:15:57,SOLETH,0.03921,ETHUSDT,2766.59,SOLUSDT,108.1,1.0034967058279374
2024-02-17 14:31:09,ETHBTC,0.05365,BTCUSDC,51730.0,ETHUSDC,2765.65,1.0034944768860845
2024-02-17 14:32:01,ETHBTC,0.05365,BTCUSDC,51730.0,ETHUSDC,2765.75,1.0034581939799332
2024-02-17 16:15:09,SOLETH,0.03921,ETHUSDT,2770.05,SOLUSDT,108.24,1.0034521480044347
2024-02-17 16:26:36,AVAXBTC,0.0007633,BTCUSDT,51520.05,AVAXUSDT,39.19,1.0034512417708599
2024-02-17 16:14:44,SOLETH,0.03921,ETHUSDT,2770.04,SOLUSDT,108.24,1.0034485254988914
2024-02-17 16:10:35,SOLETH,0.03921,ETHUSDT,2774.09,SOLUSDT,108.4,1.0034323699261993
2024-02-17 16:08:24,SOLBTC,0.0021016,BTCUSDC,51611.31,SOLUSDC,108.1,1.0033887982978724
2024-02-17 14:26:59,ADABTC,1.131e-05,BTCUSDC,51730.33,ADAUSDC,0.5831,1.0033785496484309
2024-02-17 16:17:44,SOLETH,0.03921,ETHUSDC,2765.74,SOLUSDC,108.08,1.0033740321983715
2024-02-17 16:17:02,SOLETH,0.03921,ETHUSDC,2765.73,SOLUSDC,108.08,1.003370404330126
2024-02-17 16:15:57,SOLETH,0.03921,ETHUSDC,2765.68,SOLUSDC,108.08,1.003352264988897
2024-02-17 15:48:27,ETHBTC,0.0538,BTCUSDC,51711.19,ETHUSDC,2772.78,1.0033475508334595
2024-02-17 16:08:28,SOLETH,0.03921,ETHUSDC,2766.17,SOLUSDC,108.1,1.0033443635522665
2024-02-17 16:27:34,AVAXBTC,0.0007633,BTCUSDT,51500.01,AVAXUSDT,39.18,1.0033169380551301
2024-02-17 16:27:37,AVAXBTC,0.0007633,BTCUSDT,51500.0,AVAXUSDT,39.18,1.003316743236345
2024-02-17 16:27:06,AVAXBTC,0.0007633,BTCUSDT,51512.98,AVAXUSDT,39.19,1.0033135400357236
2024-02-17 16:07:29,ETHBTC,0.05376,BTCUSDC,51621.01,ETHUSDC,2766.13,1.0032592458055116
2024-02-17 15:50:50,ETHBTC,0.05379,BTCUSDC,51717.74,ETHUSDC,2772.89,1.0032483202002243
2024-02-17 16:07:26,ETHBTC,0.05376,BTCUSDC,51620.01,ETHUSDC,2766.13,1.0032398107102702
2024-02-17 16:05:03,SOLETH,0.03921,ETHUSDT,2779.44,SOLUSDT,108.63,1.0032389063794533
2024-02-17 16:07:42,ETHBTC,0.05376,BTCUSDC,51620.01,ETHUSDC,2766.15,1.0032325570196845
2024-02-17 16:06:30,ETHBTC,0.05376,BTCUSDC,51618.01,ETHUSDC,2766.1,1.0032118208307728
2024-02-17 16:07:28,ETHBTC,0.05376,BTCUSDC,51618.01,ETHUSDC,2766.13,1.0032009405197877
2024-02-17 16:26:38,AVAXBTC,0.0007633,BTCUSDT,51520.05,AVAXUSDT,39.2,1.0031952593112243
2024-02-17 15:47:31,ETHBTC,0.05379,BTCUSDC,51711.19,ETHUSDC,2772.74,1.0031755267713525
2024-02-17 16:11:36,SOLETH,0.03921,ETHUSDT,2772.51,SOLUSDT,108.37,1.0031384802066994
2024-02-17 16:27:48,AVAXBTC,0.0007633,BTCUSDT,51489.36,AVAXUSDT,39.18,1.0031094560490046
2024-02-17 16:27:44,AVAXBTC,0.0007633,BTCUSDT,51489.35,AVAXUSDT,39.18,1.0031092612302195
2024-02-17 16:27:39,AVAXBTC,0.0007633,BTCUSDT,51489.34,AVAXUSDT,39.18,1.0031090664114342
2024-02-17 16:04:16,SOLETH,0.03921,ETHUSDT,2779.24,SOLUSDT,108.64,1.0030743777614137
2024-02-17 16:27:31,AVAXBTC,0.0007633,BTCUSDT,51500.2,AVAXUSDT,39.19,1.0030646251594795
2024-02-17 16:27:32,AVAXBTC,0.0007633,BTCUSDT,51500.06,AVAXUSDT,39.19,1.003061898392447
2024-02-17 16:27:33,AVAXBTC,0.0007633,BTCUSDT,51500.01,AVAXUSDT,39.19,1.0030609245470783
2024-02-17 16:27:22,AVAXBTC,0.0007633,BTCUSDT,51512.98,AVAXUSDT,39.2,1.0030575927040817
2024-02-17 16:08:29,ETHBTC,0.05376,BTCUSDC,51611.31,ETHUSDC,2766.17,1.003056220550436
2024-02-17 16:28:10,AVAXBTC,0.0007633,BTCUSDT,51484.85,AVAXUSDT,39.18,1.003021592776927
2024-02-17 16:28:09,AVAXBTC,0.0007633,BTCUSDT,51484.84,AVAXUSDT,39.18,1.0030213979581417
2024-02-17 16:14:43,SOLETH,0.03921,ETHUSDC,2766.41,SOLUSDC,108.15,1.0029675090152566
2024-02-17 14:45:11,ETHBTC,0.0537,BTCUSDC,51734.93,ETHUSDC,2770.17,1.0028863719555117
2024-02-17 14:25:25,ADABTC,1.13e-05,BTCUSDC,51750.0,ADAUSDC,0.5831,1.0028725776024696
2024-02-17 16:27:50,AVAXBTC,0.0007633,BTCUSDT,51489.36,AVAXUSDT,39.19,1.0028534954835417
2024-02-17 16:26:40,AVAXBTC,0.0007633,BTCUSDT,51512.98,AVAXUSDT,39.21,1.0028017759245091
2024-02-17 15:49:05,ETHBTC,0.05377,BTCUSDC,51711.23,ETHUSDC,2772.81,1.002777989512444
2024-02-17 16:11:36,SOLETH,0.03921,ETHBTC,0.05367,SOLBTC,0.0020988,1.002668524871355
2024-02-17 14:49:46,ETHBTC,0.05371,BTCUSDC,51714.75,ETHUSDC,2770.33,1.0026239554493508
2024-02-17 16:11:42,SOLETH,0.03921,ETHUSDT,2772.58,SOLUSDT,108.43,1.0026087042331457
2024-02-17 16:27:51,AVAXBTC,0.0007633,BTCUSDT,51489.36,AVAXUSDT,39.2,1.002597665510204
2024-02-17 15:49:04,ETHBTC,0.05376,BTCUSDC,51711.21,ETHUSDC,2772.81,1.0025911077931775
2024-02-17 16:26:44,AVAXBTC,0.0007633,BTCUSDT,51512.98,AVAXUSDT,39.22,1.0025460895971443
2024-02-17 16:16:33,SOLETH,0.03921,ETHBTC,0.05363,SOLBTC,0.0020975,1.0025422169249105
2024-02-17 16:10:58,ADABTC,1.134e-05,BTCUSDC,51603.48,ADAUSDC,0.5837,1.0025414822682885
2024-02-17 14:28:23,ADABTC,1.13e-05,BTCUSDC,51730.35,ADAUSDC,0.5831,1.0024917767106845
2024-02-17 14:21:32,ETHBTC,0.05368,BTCUSDC,51750.0,ETHUSDC,2771.05,1.002486422114361
2024-02-17 14:49:14,ETHBTC,0.0537,BTCUSDC,51714.69,ETHUSDC,2770.3,1.0024469743349096
2024-02-17 16:28:02,AVAXBTC,0.0007633,BTCUSDT,51489.36,AVAXUSDT,39.21,1.0023419660290742
2024-02-17 14:21:30,ETHBTC,0.05367,BTCUSDC,51750.0,ETHUSDC,2771.04,1.0023032868525896
2024-02-17 15:46:22,ETHBTC,0.05378,BTCUSDC,51675.02,ETHUSDC,2772.7,1.0023019351534606
2024-02-17 16:26:46,AVAXBTC,0.0007633,BTCUSDT,51512.98,AVAXUSDT,39.23,1.002290533622228
2024-02-17 14:27:20,ETHBTC,0.05369,BTCUSDC,51730.33,ETHUSDC,2771.31,1.002198028261003
2024-02-17 16:26:21,AVAXBTC,0.0007633,BTCUSDT,51520.62,AVAXUSDT,39.24,1.0021837218654435
2024-02-17 15:00:30,ETHBTC,0.05371,BTCUSDC,51701.0,ETHUSDC,2770.83,1.0021764994604505
2024-02-17 14:28:39,ETHBTC,0.05369,BTCUSDC,51730.33,ETHUSDC,2771.38,1.0021727145681936
2024-02-17 16:11:42,ADABTC,1.134e-05,BTCUSDC,51601.49,ADAUSDC,0.5839,1.0021594392875492
2024-02-17 14:20:38,ETHBTC,0.05366,BTCUSDC,51750.2,ETHUSDC,2771.0,1.0021348726091663
2024-02-17 14:20:39,ETHBTC,0.05366,BTCUSDC,51750.22,ETHUSDC,2771.01,1.0021316434079992
2024-02-17 14:21:08,ETHBTC,0.05366,BTCUSDC,51750.0,ETHUSDC,2771.03,1.0021201502690333
2024-02-17 15:01:31,ETHBTC,0.05371,BTCUSDC,51697.71,ETHUSDC,2770.86,1.0021018759879603
2024-02-17 16:27:57,AVAXBTC,0.0007633,BTCUSDT,51489.36,AVAXUSDT,39.22,1.0020863969403366
2024-02-17 15:01:29,ETHBTC,0.05371,BTCUSDC,51696.72,ETHUSDC,2770.86,1.0020826859530976
2024-02-17 16:12:15,SOLBTC,0.0020987,BTCUSDC,51601.49,SOLUSDC,108.08,1.0019989550610657
2024-02-17 16:12:41,SOLBTC,0.0020987,BTCUSDC,51605.49,SOLUSDC,108.09,1.0019839195392726
2024-02-17 16:15:57,SOLETH,0.03921,ETHBTC,0.05363,SOLBTC,0.0020987,1.0019689807976366
2024-02-17 16:12:44,SOLBTC,0.0020987,BTCUSDC,51604.49,SOLUSDC,108.09,1.0019645033120546
2024-02-17 16:26:19,AVAXBTC,0.0007633,BTCUSDT,51533.59,AVAXUSDT,39.26,1.0019253501528271
2024-02-17 16:16:04,SOLBTC,0.0020987,BTCUSDC,51600.48,SOLUSDC,108.09,1.0018866442409102
2024-02-17 16:29:54,AVAXBTC,0.0007633,BTCUSDT,51400.0,AVAXUSDT,39.16,1.0018799795709907
2024-02-17 15:58:53,ADABTC,1.133e-05,BTCUSDC,51711.41,ADAUSDC,0.5848,1.0018643558481533
2024-02-17 16:27:59,AVAXBTC,0.0007633,BTCUSDT,51489.36,AVAXUSDT,39.23,1.0018309581442775
2024-02-17 16:29:27,AVAXBTC,0.0007633,BTCUSDT,51423.05,AVAXUSDT,39.18,1.0018176126850433
2024-02-17 14:17:26,ETHBTC,0.05366,BTCUSDC,51730.12,ETHUSDC,2770.86,1.001796640465415
2024-02-17 16:10:49,ETHBTC,0.0537,BTCUSDC,51605.27,ETHUSDC,2766.26,1.0017868887957022
2024-02-17 16:22:46,AVAXBTC,0.0007637,BTCUSDT,51537.58,AVAXUSDT,39.29,1.0017625310766098
2024-02-17 14:23:01,SOLBTC,0.0021018,BTCUSDC,51750.0,SOLUSDC,108.58,1.001732823724443
2024-02-17 16:11:51,SOLETH,0.03921,ETHUSDC,2766.3,SOLUSDC,108.28,1.0017235223494645
2024-02-17 16:16:26,SOLBTC,0.0020987,BTCUSDT,51553.79,SOLUSDT,108.01,1.0017214986853067
2024-02-17 15:51:06,ADABTC,1.134e-05,BTCUSDC,51717.94,ADAUSDC,0.5855,1.0016762418445773
2024-02-17 15:46:54,ADABTC,1.131e-05,BTCUSDC,51675.02,ADAUSDC,0.5835,1.0016186395886888
2024-02-17 15:29:01,ETHBTC,0.05375,BTCUSDC,51658.42,ETHUSDC,2772.19,1.0016052561332376
2024-02-17 15:29:32,ETHBTC,0.05375,BTCUSDC,51658.42,ETHUSDC,2772.21,1.0015980300915153
2024-02-17 16:12:54,ETHBTC,0.05369,BTCUSDC,51605.49,ETHUSDC,2766.37,1.0015647791510174
2024-02-17 16:29:33,AVAXBTC,0.0007633,BTCUSDT,51423.05,AVAXUSDT,39.19,1.00156198175555
2024-02-17 15:07:07,ETHBTC,0.05371,BTCUSDC,51675.16,ETHUSDC,2771.2,1.0015418748556584
2024-02-17 16:26:51,AVAXBTC,0.0007633,BTCUSDT,51512.98,AVAXUSDT,39.26,1.0015246468160979
2024-02-17 16:23:36,AVAXBTC,0.0007637,BTCUSDT,51537.58,AVAXUSDT,39.3,1.0015076296692111
2024-02-17 15:25:31,ETHBTC,0.05373,BTCUSDC,51667.92,ETHUSDC,2772.03,1.0014744939989826
2024-02-17 16:14:43,SOLBTC,0.0020987,BTCUSDC,51605.49,SOLUSDC,108.15,1.0014280338696253
2024-02-17 16:29:47,AVAXBTC,0.0007633,BTCUSDT,51402.62,AVAXUSDT,39.18,1.0014195979070954
2024-02-17 14:15:12,ETHBTC,0.05366,BTCUSDC,51707.17,ETHUSDC,2770.73,1.0013991771843522
2024-02-17 16:16:33,SOLBTC,0.0020975,BTCUSDT,51550.29,SOLUSDT,107.98,1.0013588930820523
2024-02-17 15:58:20,SOLBTC,0.0021016,BTCUSDC,51711.18,SOLUSDC,108.53,1.0013472393623883
2024-02-17 14:11:11,ETHBTC,0.05366,BTCUSDC,51701.04,ETHUSDC,2770.57,1.001338282880418
2024-02-17 14:11:10,ETHBTC,0.05366,BTCUSDC,51701.02,ETHUSDC,2770.57,1.0013378955233037
2024-02-17 14:12:01,ETHBTC,0.05366,BTCUSDC,51701.0,ETHUSDC,2770.62,1.0013194375266186
2024-02-17 14:11:50,ETHBTC,0.05366,BTCUSDC,51700.32,ETHUSDC,2770.59,1.0013171097852802
2024-02-17 16:20:26,SOLUSDC,108.08,USDCUSDT,0.999,SOLUSDT,107.83,1.001316145785032
2024-02-17 14:10:49,ETHBTC,0.05366,BTCUSDC,51698.97,ETHUSDC,2770.53,1.001312647832725
2024-02-17 14:11:52,ETHBTC,0.05366,BTCUSDC,51700.0,ETHUSDC,2770.59,1.0013109121161916
2024-02-17 14:13:39,ETHBTC,0.05366,BTCUSDC,51701.45,ETHUSDC,2770.68,1.0013064688091011
2024-02-17 16:00:46,SOLBTC,0.0021017,BTCUSDC,51711.22,SOLUSDC,108.54,1.0013034003501013
2024-02-17 14:11:49,ETHBTC,0.05366,BTCUSDC,51699.33,ETHUSDC,2770.59,1.0012979357465377
2024-02-17 15:25:38,ETHBTC,0.05373,BTCUSDC,51658.46,ETHUSDC,2772.05,1.0012839075052757
2024-02-17 14:11:31,ETHBTC,0.05366,BTCUSDC,51698.26,ETHUSDC,2770.59,1.001277212290523
2024-02-17 16:00:47,SOLBTC,0.0021018,BTCUSDC,51711.23,SOLUSDC,108.55,1.0012589886135421
2024-02-17 16:25:26,AVAXBTC,0.0007637,BTCUSDT,51537.58,AVAXUSDT,39.31,1.001252857949631
2024-02-17 15:45:59,ADABTC,1.131e-05,BTCUSDC,51620.08,ADAUSDC,0.5831,1.0012401042702797
2024-02-17 16:11:36,ETHBTC,0.05367,BTCUSDC,51605.52,ETHUSDC,2766.28,1.0012248428937056
2024-02-17 16:11:37,ETHBTC,0.05367,BTCUSDC,51605.51,ETHUSDC,2766.28,1.0012246488786385
2024-02-17 16:16:27,SOLBTC,0.0020978,BTCUSDT,51550.29,SOLUSDT,108.01,1.001223945579113
2024-02-17 15:31:44,ETHBTC,0.05374,BTCUSDC,51650.0,ETHUSDC,2772.28,1.0012231809196763
2024-02-17 16:00:48,SOLBTC,0.0021019,BTCUSDC,51711.19,SOLUSDC,108.56,1.00121361699521
2024-02-17 16:26:18,AVAXBTC,0.0007637,BTCUSDT,51534.78,AVAXUSDT,39.31,1.0011984605952684
2024-02-17 16:28:49,BTCUSDC,51541.33,USDCUSDT,0.9989,BTCUSDT,51423.07,1.0011972162883314
2024-02-17 16:22:29,SOLBTC,0.002079,BTCUSDT,51537.58,SOLUSDT,107.02,1.001183225752196
2024-02-17 16:11:09,ETHBTC,0.05367,BTCUSDC,51602.48,ETHUSDC,2766.28,1.001165862313287
2024-02-17 15:21:43,ADABTC,1.13e-05,BTCUSDC,51660.47,ADAUSDC,0.5831,1.0011375595952667
2024-02-17 16:20:26,SOLBTC,0.0020937,BTCUSDT,51560.68,SOLUSDT,107.83,1.0011369351386443
2024-02-17 16:16:31,SOLBTC,0.0020978,BTCUSDT,51550.29,SOLUSDT,108.02,1.0011312568228106
2024-02-17 16:26:21,LINKBTC,0.0003787,BTCUSDT,51520.62,LINKUSDT,19.49,1.0010702305797847
2024-02-17 16:26:53,AVAXBTC,0.0007633,BTCUSDT,51512.98,AVAXUSDT,39.28,1.0010147055498981
2024-02-17 16:30:05,SOLBTC,0.0020755,BTCUSDC,51485.0,SOLUSDC,106.75,1.0010034426229508
2024-02-17 16:24:11,AVAXBTC,0.0007637,BTCUSDT,51537.58,AVAXUSDT,39.32,1.0009982158189217
2024-02-17 14:22:40,SOLBTC,0.0021018,BTCUSDC,51750.0,SOLUSDC,108.66,1.000995306460519
2024-02-17 14:10:09,ETHBTC,0.05364,BTCUSDC,51700.07,ETHUSDC,2770.52,1.0009643513852995
2024-02-17 14:10:08,ETHBTC,0.05364,BTCUSDC,51699.09,ETHUSDC,2770.52,1.0009453776186419
2024-02-17 14:10:07,ETHBTC,0.05364,BTCUSDC,51699.07,ETHUSDC,2770.52,1.0009449903989143
2024-02-17 16:08:25,SOLBTC,0.0021016,BTCUSDT,51575.41,SOLUSDT,108.29,1.0009315879213223
2024-02-17 16:08:23,SOLBTC,0.0021016,BTCUSDT,51575.35,SOLUSDT,108.29,1.0009304234924739
2024-02-17 14:10:05,ETHBTC,0.05364,BTCUSDC,51698.07,ETHUSDC,2770.52,1.000925629412529
2024-02-17 14:10:34,ETHBTC,0.05364,BTCUSDC,51698.05,ETHUSDC,2770.52,1.0009252421928014
2024-02-17 16:28:17,BTCUSDC,51566.79,USDCUSDT,0.999,BTCUSDT,51468.1,1.000915580913226
2024-02-17 16:28:48,BTCUSDC,51542.33,USDCUSDT,0.9989,BTCUSDT,51439.69,1.000893151513938
2024-02-17 16:15:57,SOLBTC,0.0020987,BTCUSDT,51553.79,SOLUSDT,108.1,1.000887502987974
2024-02-17 16:28:41,BTCUSDC,51541.33,USDCUSDT,0.9989,BTCUSDT,51439.68,1.0008739272289409
2024-02-17 16:28:42,BTCUSDC,51541.33,USDCUSDT,0.9989,BTCUSDT,51439.69,1.0008737326566315
2024-02-17 16:28:16,BTCUSDC,51563.79,USDCUSDT,0.999,BTCUSDT,51468.09,1.0008575451313622
2024-02-17 16:08:22,SOLBTC,0.0021016,BTCUSDT,51575.34,SOLUSDT,108.3,1.0008378074238227
2024-02-17 16:30:06,SOLBTC,0.0020755,BTCUSDC,51486.0,SOLUSDC,106.77,1.0008353751053667
2024-02-17 16:26:20,SOLBTC,0.002079,BTCUSDT,51533.59,SOLUSDT,107.05,1.0008251621672117
2024-02-17 15:40:02,ETHBTC,0.05375,BTCUSDC,51624.02,ETHUSDC,2772.51,1.0008227472578997
2024-02-17 16:15:46,ADABTC,1.134e-05,BTCUSDC,51600.48,ADAUSDC,0.5847,1.0007686731657262
2024-02-17 16:26:18,SOLBTC,0.002079,BTCUSDT,51534.78,SOLUSDT,107.06,1.000754788156174
2024-02-17 16:11:08,SOLBTC,0.0020988,BTCUSDC,51601.48,SOLUSDC,108.22,1.0007501961190168
2024-02-17 14:59:01,ADABTC,1.131e-05,BTCUSDC,51701.0,ADAUSDC,0.5843,1.0007501454732157
2024-02-17 16:28:56,BTCUSDC,51528.44,USDCUSDT,0.9987,BTCUSDT,51423.06,1.0007466111118242
2024-02-17 16:08:21,SOLBTC,0.0021016,BTCUSDT,51575.33,SOLUSDT,108.31,1.0007452084572062
2024-02-17 16:25:18,AVAXBTC,0.0007637,BTCUSDT,51537.58,AVAXUSDT,39.33,1.0007437031782354
2024-02-17 16:11:12,SOLBTC,0.0020987,BTCUSDC,51603.48,SOLUSDC,108.22,1.0007412999075957
2024-02-17 16:26:19,SOLBTC,0.002079,BTCUSDT,51533.59,SOLUSDT,107.06,1.0007316795254997
2024-02-17 16:11:07,SOLBTC,0.0020987,BTCUSDC,51601.48,SOLUSDC,108.22,1.0007025141009054
2024-02-17 15:36:19,ETHBTC,0.05373,BTCUSDC,51635.0,ETHUSDC,2772.42,1.0006956197112993
2024-02-17 16:26:22,SOLBTC,0.002078,BTCUSDT,51520.62,SOLUSDT,106.99,1.00065284942518
2024-02-17 16:16:02,ETHBTC,0.05363,BTCUSDC,51603.48,ETHUSDC,2765.69,1.0006525071139571
2024-02-17 16:11:31,SOLBTC,0.0020988,BTCUSDC,51605.48,SOLUSDC,108.24,1.0006428439024393
2024-02-17 16:15:51,ETHBTC,0.05363,BTCUSDC,51602.48,ETHUSDC,2765.68,1.0006367339677764
2024-02-17 16:16:01,ETHBTC,0.05363,BTCUSDC,51602.48,ETHUSDC,2765.69,1.0006331159312865
2024-02-17 16:11:00,ETHBTC,0.05364,BTCUSDC,51603.48,ETHUSDC,2766.26,1.0006328643005358
2024-02-17 16:15:50,ETHBTC,0.05363,BTCUSDC,51601.48,ETHUSDC,2765.69,1.000613724748616
2024-02-17 16:16:00,SOLBTC,0.0020987,BTCUSDT,51553.8,SOLUSDT,108.13,1.0006100070285766
2024-02-17 16:16:04,SOLBTC,0.0020987,BTCUSDT,51553.79,SOLUSDT,108.13,1.00060981293813
2024-02-17 16:27:40,BTCUSDC,51567.11,USDCUSDT,0.9991,BTCUSDT,51489.34,1.0006090503587735
2024-02-17 16:27:48,BTCUSDC,51567.11,USDCUSDT,0.9991,BTCUSDT,51489.36,1.000608661692435
2024-02-17 16:28:24,BTCUSDC,51550.9,USDCUSDT,0.999,BTCUSDT,51468.11,1.000606960309986
2024-02-17 16:08:52,SOLBTC,0.0021016,BTCUSDT,51577.64,SOLUSDT,108.33,1.0006052637681158
2024-02-17 16:15:59,ETHBTC,0.05363,BTCUSDC,51600.48,ETHUSDC,2765.68,1.0005979514622083
2024-02-17 16:28:09,BTCUSDC,51567.11,USDCUSDT,0.999,BTCUSDT,51484.84,1.0005963481677325
2024-02-17 16:20:32,SOLUSDC,107.77,USDCUSDT,0.999,SOLUSDT,107.6,1.0005783457249071
2024-02-17 16:17:02,ETHBTC,0.05363,BTCUSDC,51600.36,ETHUSDC,2765.73,1.0005775353342516
2024-02-17 16:26:21,SOLBTC,0.002079,BTCUSDT,51520.62,SOLUSDT,107.05,1.0005732739841198
2024-02-17 16:28:28,BTCUSDC,51553.9,USDCUSDT,0.9989,BTCUSDT,51468.12,1.000564829451707
2024-02-17 16:28:32,BTCUSDC,51550.9,USDCUSDT,0.9989,BTCUSDT,51465.47,1.0005581219796496
2024-02-17 16:28:11,BTCUSDC,51563.79,USDCUSDT,0.999,BTCUSDT,51484.86,1.0005315389805858
2024-02-17 16:22:49,SOLBTC,0.002079,BTCUSDT,51537.58,SOLUSDT,107.09,1.0005287965262863
2024-02-17 16:28:25,BTCUSDC,51551.9,USDCUSDT,0.9989,BTCUSDT,51468.11,1.0005262075875723
2024-02-17 16:09:01,SOLBTC,0.0021016,BTCUSDT,51577.83,SOLUSDT,108.34,1.0005165915451357
2024-02-17 16:09:00,SOLBTC,0.0021016,BTCUSDT,51577.8,SOLUSDT,108.34,1.0005160095994092
2024-02-17 16:14:56,ETHBTC,0.05362,BTCUSDC,51605.48,ETHUSDC,2765.66,1.0005155505738232
2024-02-17 16:28:16,SOLUSDC,107.06,USDCUSDT,0.999,SOLUSDT,106.9,1.0004952291861553
2024-02-17 16:24:44,AVAXBTC,0.0007637,BTCUSDT,51537.58,AVAXUSDT,39.34,1.0004893199288254
2024-02-17 16:29:54,BTCUSDC,51481.0,USDCUSDT,0.9989,BTCUSDT,51400.0,1.0004741420233463
2024-02-17 16:16:12,ETHBTC,0.05363,BTCUSDC,51594.26,ETHUSDC,2765.69,1.000473720409735
2024-02-17 16:29:16,BTCUSDC,51504.0,USDCUSDT,0.9989,BTCUSDT,51423.05,1.00047246516883
2024-02-17 16:15:38,ETHBTC,0.05362,BTCUSDC,51603.48,ETHUSDC,2765.68,1.0004695400769432
2024-02-17 15:45:43,BTCUSDC,51667.14,USDCUSDT,0.9992,BTCUSDT,51601.6,1.0004690995628043
2024-02-17 16:08:20,SOLBTC,0.0021016,BTCUSDT,51575.31,SOLUSDT,108.34,1.0004677081041167
2024-02-17 16:29:48,BTCUSDC,51482.0,USDCUSDT,0.9989,BTCUSDT,51402.62,1.0004425805532868
2024-02-17 16:22:55,SOLBTC,0.002079,BTCUSDT,51537.58,SOLUSDT,107.1,1.0004353764705882
2024-02-17 16:22:10,ETHUSDC,2765.64,USDCUSDT,0.9991,ETHUSDT,2761.97,1.0004275658316348
2024-02-17 16:17:01,SOLUSDC,108.08,USDCUSDT,0.9994,SOLUSDT,107.97,1.0004181902380291
2024-02-17 16:08:38,SOLBTC,0.0021016,BTCUSDT,51577.28,SOLUSDT,108.35,1.000413582353484
2024-02-17 16:30:00,BTCUSDC,51483.0,USDCUSDT,0.9988,BTCUSDT,51400.0,1.000412848249027
2024-02-17 16:29:19,BTCUSDC,51506.0,USDCUSDT,0.9988,BTCUSDT,51423.05,1.0004111541419656
2024-02-17 16:17:01,BTCUSDC,51599.36,USDCUSDT,0.9994,BTCUSDT,51547.32,1.0004089520851909
2024-02-17 16:26:26,SOLBTC,0.0020771,BTCUSDT,51520.62,SOLUSDT,106.97,1.0004064672525008
2024-02-17 16:29:54,SOLBTC,0.0020752,BTCUSDC,51481.0,SOLUSDC,106.79,1.0004061354059368
2024-02-17 16:29:17,BTCUSDC,51505.0,USDCUSDT,0.9988,BTCUSDT,51423.05,1.0003917309455586
2024-02-17 14:10:07,SOLBTC,0.0021018,BTCUSDC,51699.07,SOLUSDC,108.62,1.0003784323881422
2024-02-17 16:29:04,BTCUSDC,51504.0,USDCUSDT,0.9988,BTCUSDT,51423.05,1.0003723077491513
2024-02-17 14:35:46,BTCUSDC,51790.0,USDCUSDT,0.9993,BTCUSDT,51734.51,1.0003718407693432
2024-02-17 14:35:52,BTCUSDC,51790.0,USDCUSDT,0.9993,BTCUSDT,51734.66,1.0003689402810416
2024-02-17 16:20:27,SOLBTC,0.0020924,BTCUSDT,51552.54,SOLUSDT,107.83,1.0003573652601316
2024-02-17 16:29:03,BTCUSDC,51503.0,USDCUSDT,0.9988,BTCUSDT,51423.05,1.0003528845527443
2024-02-17 16:16:37,ETHBTC,0.05363,BTCUSDC,51588.36,ETHUSDC,2765.71,1.0003520784174769
2024-02-17 16:30:04,BTCUSDC,51485.0,USDCUSDT,0.9987,BTCUSDT,51400.0,1.0003515466926072
2024-02-17 16:20:28,SOLBTC,0.0020924,BTCUSDT,51547.34,SOLUSDT,107.82,1.0003492322018177
2024-02-17 16:16:01,BTCUSDC,51602.48,USDCUSDT,0.9994,BTCUSDT,51553.79,1.000343883776537
2024-02-17 16:29:53,SOLBTC,0.0020751,BTCUSDC,51480.0,SOLUSDC,106.79,1.0003384961138682
2024-02-17 16:29:56,SOLBTC,0.0020754,BTCUSDC,51482.0,SOLUSDC,106.81,1.000334639078738
2024-02-17 16:20:32,SOLBTC,0.0020881,BTCUSDT,51547.32,SOLUSDT,107.6,1.0003341904460967
2024-02-17 16:29:00,BTCUSDC,51502.0,USDCUSDT,0.9988,BTCUSDT,51423.05,1.0003334613563373
2024-02-17 16:17:09,SOLUSDC,108.08,USDCUSDT,0.9995,SOLUSDT,107.99,1.000332993795722
2024-02-17 16:09:02,SOLBTC,0.0021016,BTCUSDT,51577.86,SOLUSDT,108.36,1.0003325080841639
2024-02-17 16:11:46,SOLBTC,0.002099,BTCUSDC,51603.49,SOLUSDC,108.28,1.000329936368674
2024-02-17 14:48:54,ADABTC,1.131e-05,BTCUSDC,51714.64,ADAUSDC,0.5847,1.0003293627501282
2024-02-17 16:29:50,BTCUSDC,51480.0,USDCUSDT,0.9988,BTCUSDT,51401.95,1.0003166027747976
2024-02-17 16:12:14,SOLBTC,0.0020987,BTCUSDC,51600.49,SOLUSDC,108.26,1.0003135817753555
2024-02-17 16:12:01,SOLBTC,0.0020987,BTCUSDC,51600.48,SOLUSDC,108.26,1.000313387917975
2024-02-17 16:08:23,BTCUSDC,51617.27,USDCUSDT,0.9995,BTCUSDT,51575.35,1.0003123849862388
2024-02-17 16:28:28,SOLUSDC,107.06,USDCUSDT,0.9989,SOLUSDT,106.91,1.0003015059395755
2024-02-17 16:29:06,BTCUSDC,51500.0,USDCUSDT,0.9988,BTCUSDT,51423.05,1.0002946149635232
2024-02-17 16:19:07,ETHBTC,0.05363,BTCUSDC,51585.06,ETHUSDC,2765.79,1.000259154816526
2024-02-17 16:05:48,SOLBTC,0.0021016,BTCUSDT,51644.37,SOLUSDT,108.51,1.0002378397567044
2024-02-17 16:16:38,ETHBTC,0.05363,BTCUSDC,51582.36,ETHUSDC,2765.71,1.000235732162808
2024-02-17 16:28:42,ETHBTC,0.05359,BTCUSDC,51541.33,ETHUSDC,2761.47,1.000228093986174
2024-02-17 16:11:50,SOLBTC,0.0020987,BTCUSDC,51605.49,SOLUSDC,108.28,1.0002257283247136
2024-02-17 16:22:13,ETHUSDC,2765.64,USDCUSDT,0.9991,ETHUSDT,2762.53,1.0002247664278758
2024-02-17 14:36:42,BTCUSDC,51800.0,USDCUSDT,0.999,BTCUSDT,51737.26,1.0002114530224444
2024-02-17 16:08:19,SOLBTC,0.0021016,BTCUSDT,51575.3,SOLUSDT,108.37,1.0001905553197379
2024-02-17 14:35:38,BTCUSDC,51780.0,USDCUSDT,0.9993,BTCUSDT,51734.3,1.0001827414307336
2024-02-17 14:35:39,BTCUSDC,51780.02,USDCUSDT,0.9993,BTCUSDT,51734.32,1.000182741089474
2024-02-17 14:35:40,BTCUSDC,51780.03,USDCUSDT,0.9993,BTCUSDT,51734.35,1.0001823542578576
2024-02-17 14:35:41,BTCUSDC,51780.05,USDCUSDT,0.9993,BTCUSDT,51734.37,1.000182353916748
2024-02-17 14:35:42,BTCUSDC,51780.0,USDCUSDT,0.9993,BTCUSDT,51734.4,1.0001808081276675
2024-02-17 14:35:44,BTCUSDC,51780.0,USDCUSDT,0.9993,BTCUSDT,51734.45,1.0001798414789371
2024-02-17 16:20:20,SOLBTC,0.0020944,BTCUSDT,51560.65,SOLUSDT,107.97,1.0001725049550803
2024-02-17 16:20:19,SOLBTC,0.0020944,BTCUSDT,51560.63,SOLUSDT,107.97,1.0001721169954618
2024-02-17 16:20:34,AVAXBTC,0.0007637,BTCUSDT,51547.32,AVAXUSDT,39.36,1.0001699259146342
2024-02-17 16:26:27,SOLBTC,0.0020764,BTCUSDT,51520.62,SOLUSDT,106.96,1.00016282131638
2024-02-17 16:19:49,SOLBTC,0.0020944,BTCUSDT,51559.98,SOLUSDT,107.97,1.0001595083078634
2024-02-17 16:19:47,SOLBTC,0.0020944,BTCUSDT,51559.92,SOLUSDT,107.97,1.000158344429008
2024-02-17 16:25:52,SOLBTC,0.002079,BTCUSDT,51537.58,SOLUSDT,107.13,1.0001552209465137
2024-02-17 16:05:47,SOLBTC,0.0021016,BTCUSDT,51644.37,SOLUSDT,108.52,1.0001456689273867
2024-02-17 16:17:04,ETHBTC,0.05363,BTCUSDC,51576.68,ETHUSDC,2765.73,1.0001183587696556
2024-02-17 16:28:59,BTCUSDC,51501.0,USDCUSDT,0.9986,BTCUSDT,51423.05,1.0001137349884925
2024-02-17 16:08:24,BTCUSDC,51611.31,USDCUSDT,0.9994,BTCUSDT,51575.38,1.0000962322332865
2024-02-17 16:28:55,BTCUSDC,51500.0,USDCUSDT,0.9986,BTCUSDT,51423.05,1.000094315681392
2024-02-17 16:29:46,BTCUSDC,51482.0,USDCUSDT,0.9988,BTCUSDT,51415.58,1.000090276138089
2024-02-17 15:20:11,SOLBTC,0.0021016,BTCUSDC,51660.08,SOLUSDC,108.56,1.0000812834193074
2024-02-17 14:36:45,BTCUSDC,51800.01,USDCUSDT,0.999,BTCUSDT,51744.02,1.0000809753474895
2024-02-17 14:30:57,AVAXBTC,0.0007637,BTCUSDT,51699.85,AVAXUSDT,39.48,1.0000804317375886
2024-02-17 15:00:03,ADABTC,1.131e-05,BTCUSDC,51701.0,ADAUSDC,0.5847,1.0000655207798872
2024-02-17 14:36:35,BTCUSDC,51790.0,USDCUSDT,0.999,BTCUSDT,51736.97,1.0000239673873441
2024-02-17 16:29:28,BTCUSDC,51480.0,USDCUSDT,0.9989,BTCUSDT,51423.05,1.0000062617833831
2024-02-17 16:23:42,SOLBTC,0.002079,BTCUSDC,51578.0,SOLUSDC,107.23,1.000006173645435
2024-02-17 16:30:01,ETHUSDC,2761.0,USDCUSDT,0.9988,ETHUSDT,2757.67,1.0000060920994898
2024-02-17 16:30:04,ETHUSDC,2761.0,USDCUSDT,0.9987,ETHUSDT,2757.4,1.0000038804671065
